"","random_h","random_v","random_r","random_hue","random_sat","random_light","x","y"
"1",39.6204677119385,93.2328519225121,32.207263589371,78.0594057776034,13.7201532721519,12.7157960040495,100,100
"2",42.7466385473963,61.6350043006241,20.953179418575,316.433000592515,74.4953731540591,87.6928410865366,200,100
"3",36.5420339454431,-55.4726424068213,100.223157056607,77.2742198500782,9.78764386381954,32.0111172110774,300,100
"4",59.4040726718958,-27.0006791315973,5.94553338829428,52.9747002571821,83.8854628847912,12.5242617214099,400,100
"5",65.3483472182415,-43.6150782834738,79.2754381359555,47.3679924197495,60.632520634681,5.97024922957644,500,100
"6",3.11722856713459,-122.886538608,93.213103893213,83.3076107315719,15.8661497058347,88.2638920610771,600,100
"7",63.9643908943981,15.8972061891109,81.2963991612196,334.912385120988,78.1778043368831,3.6614655260928,700,100
"8",31.3385297718924,-22.7258392516524,39.8969432897866,352.217272147536,55.3648943547159,82.5569975981489,800,100
"9",53.5383907088544,-81.0451873857528,26.0390890948474,279.15983883664,40.7879099715501,58.1612143199891,900,100
"10",13.6354713875335,-88.8917647115886,102.012216108851,295.458817100152,98.4933952102438,36.5651349560358,1000,100
"11",70.1272566569969,-31.1991676129401,2.13613597443327,98.2413950655609,37.4092429876328,6.71526964288205,1100,100
"12",15.5513262783643,61.5794089157134,69.5927591621876,148.171742828563,1.09596841502935,81.2277101282962,1200,100
"13",27.1111909125466,-134.616115158424,64.3484197743237,201.936763767153,31.556786200963,29.4950175471604,1300,100
"14",54.4901465938892,135.544662922621,1.31411170121282,114.54526450485,28.5898240515962,12.6155395573005,1400,100
"15",47.4063630856108,-16.8481459748,18.3341792342253,281.769981924444,31.3083836808801,0.325089369434863,1500,100
"16",22.1638258604798,137.536574816331,106.922045946121,155.246896315366,63.7783394893631,66.4895903225988,1600,100
"17",44.1333359805867,-128.603277467191,18.5697747510858,55.0872716959566,18.5831025708467,83.0847825296223,1700,100
"18",48.3521622838452,-137.720745746046,32.0131373894401,313.122619986534,84.0618025278673,87.8388176928274,1800,100
"19",35.7327546633314,97.2801491618156,104.353732201271,28.0852677673101,6.36866989079863,39.0405556093901,1900,100
"20",2.77979652746581,-36.3732212036848,50.0633305218071,101.176683073863,56.0721508925781,14.8692442872562,2000,100
"21",63.8468419841956,40.9131064079702,59.8866335162893,233.794351145625,6.42832906451076,26.9153414200991,2100,100
"22",59.8471688339487,63.7303381599486,59.6434236364439,100.834820196033,92.6927277818322,62.2526253364049,2200,100
"23",23.0447608104441,-89.0426743868738,100.220132046379,202.131361300126,75.2300012856722,63.1546794902533,2300,100
"24",0.591817230451852,10.3675532154739,6.70639468589798,265.48943429254,92.4559619743377,30.8803879329935,2400,100
"25",73.8065647368785,63.5711725614965,23.036597664468,269.237802363932,67.6163441268727,51.5319632249884,2500,100
"26",37.2472710907459,86.387424338609,5.37294937064871,44.3488945160061,76.1870799353346,52.94484305894,100,200
"27",6.7390430776868,67.948898980394,78.9459872664884,186.537976842374,4.76474557071924,4.5810641348362,200,200
"28",48.6756365688052,-57.2490711789578,39.3432923243381,170.810185885057,51.7496214713901,10.9572475939058,300,200
"29",35.597921081353,-11.5992631670088,4.37306119594723,295.336303096265,9.22912606038153,82.6739678741433,400,200
"30",7.58717078715563,105.197608098388,35.8236813475378,28.8476789742708,99.1906577488407,72.9258415801451,500,200
"31",33.3875874232035,-26.1363445594907,7.96335730236024,165.819600317627,87.6546057639644,7.27669869549572,600,200
"32",2.41693463176489,49.3790619447827,34.0586209180765,17.5310352165252,9.70882961992174,77.9851737152785,700,200
"33",10.8148809755221,103.533216621727,79.8240896849893,196.076986910775,20.6336306175217,9.48232212569565,800,200
"34",18.6878394393716,45.0193633604795,55.7377943908796,70.0572542846203,71.4688832405955,45.3929701284505,900,200
"35",5.17614960554056,-121.671569393948,78.3419940271415,347.154085049406,99.6511543402448,21.129326170776,1000,200
"36",47.8612315957434,79.4981382507831,90.0733902980573,79.7808668855578,66.3463847711682,54.7875593136996,1100,200
"37",26.140244747512,-104.214807199314,65.1292952313088,68.4914959967136,23.0697596911341,28.9465072704479,1200,200
"38",63.6594321287703,-10.7619044370949,68.4335244912654,309.471077984199,54.4290681369603,17.6301804743707,1300,200
"39",13.4215864003636,-123.735186541453,49.8630714230239,176.998684136197,57.0416166679934,87.0069802715443,1400,200
"40",23.0373468250036,135.311145707965,93.1080531701446,237.146288640797,58.6590943159536,82.6711034635082,1500,200
"41",17.3057404928841,24.5002511609346,78.3928887639195,303.622016552836,75.0475698150694,12.6708339666948,1600,200
"42",71.2548504641745,138.613371485844,98.1192335020751,155.768883526325,41.4727794937789,17.7175931213424,1700,200
"43",70.7948961993679,-30.2583077084273,14.1750929993577,82.3983108624816,99.9185843160376,84.4042381318286,1800,200
"44",31.0249960049987,-114.400467313826,74.0834139171056,65.8275201357901,69.1696085501462,46.1567716416903,1900,200
"45",49.6602121449541,-94.2847222089767,32.9091184656136,182.42809318006,23.6919254763052,40.8508096961305,2000,200
"46",56.2092896201648,91.9491565600038,35.6099741789512,172.958013033494,32.6936803758144,51.8249162309803,2100,200
"47",57.1419678046368,-117.662639096379,79.6905043604784,57.6696216501296,48.8839587429538,55.2108673844486,2200,200
"48",39.6375045587774,42.423332426697,31.7820388195105,113.487341338769,56.9604890188202,84.9669264187105,2300,200
"49",44.9329336581286,-63.8126748241484,80.9197889221832,319.534854199737,32.7751582954079,83.5604430246167,2400,200
"50",3.41483923257329,-99.2868099641055,72.5219057220966,119.234849307686,98.8329154672101,46.5215675951913,2500,200
"51",7.59885105653666,21.0902974475175,47.5773985171691,316.819433066994,26.3561928877607,68.4702777327038,100,300
"52",49.6831123775337,139.38249822706,90.4225237364881,241.667436920106,13.5258829221129,51.0628230753355,200,300
"53",66.9702205457725,69.9979361332953,68.7429071357474,218.22048378177,50.5162320099771,61.932255376596,300,300
"54",27.5361517095007,-2.63007091358304,4.25792863359675,230.222687926143,81.1435874085873,5.59799034381285,400,300
"55",15.845080150757,110.849885446951,9.68350084265694,41.5829502884299,55.7330389274284,36.7562631354667,500,300
"56",36.5276095108129,-59.9335806351155,89.5799124799669,281.536100674421,15.7909728353843,48.6244489671662,600,300
"57",25.4112883354537,-79.626290043816,18.1638777558692,313.412192026153,26.8351682228968,50.1254209899344,700,300
"58",45.2578522323165,-109.589826175943,82.158949689474,342.128163389862,73.8209460163489,30.9296302101575,800,300
"59",20.8395664114505,-77.3987400252372,26.8324261484668,280.953302588314,71.9245514832437,30.6382880802266,900,300
"60",27.8235101373866,107.131265206262,46.057426945772,179.742324957624,36.5930389147252,57.639739997685,1000,300
"61",50.7821065024473,50.9335261490196,68.1123289093375,176.583871040493,88.1334202364087,8.07338874321431,1100,300
"62",36.4631981821731,42.3108151182532,23.6107546812855,104.611912127584,87.7942784223706,9.52723198570311,1200,300
"63",11.9149357255083,36.280581112951,4.71364709548652,143.86983403936,25.2010599942878,19.505709009245,1300,300
"64",55.0017566245515,71.8174944911152,47.2770140948705,345.617912113667,10.333135467954,67.4486233969219,1400,300
"65",36.2880388973281,94.8872325569391,62.7978962194175,165.358497574925,51.204764819704,50.3430149867199,1500,300
"66",16.77223846782,-62.3127959761769,1.903170873411,218.757098335773,36.5911603439599,15.4586706566624,1600,300
"67",12.3243823531084,47.813850287348,78.9932304620743,334.864212227985,30.3991214837879,62.7477610995993,1700,300
"68",38.0799807957374,65.5944944359362,41.4396020793356,191.926421429962,77.9002300929278,27.778421274852,1800,300
"69",0.309665605891496,-55.385818798095,31.7381163942628,17.2947811335325,86.5793593227863,60.4257444245741,1900,300
"70",27.3433495138306,-84.9350434355438,67.1573532442562,247.826023092493,51.1369471438229,86.3180280011147,2000,300
"71",30.346419318812,-115.821220558137,96.5265732235275,183.100674441084,13.4003903251141,48.0007446371019,2100,300
"72",10.6542767083738,-43.2221796177328,10.8691077213734,318.31279492937,62.8430104348809,16.669824232813,2200,300
"73",7.81041663140059,-106.771783279255,29.2824365664274,145.168491667137,24.0148902405053,53.1378896883689,2300,300
"74",16.9233626453206,-72.5481474399567,37.6410849392414,302.456987667829,39.2689859727398,26.0070632211864,2400,300
"75",12.2906941047404,-83.0703751370311,2.5500089651905,21.6908303461969,45.6899572396651,34.2709281365387,2500,300
"76",27.2584753751289,58.1747241970152,34.7117434511892,50.4267120826989,56.9232922745869,33.7514514103532,100,400
"77",39.824012783356,0.806639464572072,77.1269671618938,293.546784957871,85.6596890836954,17.8655069111846,200,400
"78",64.9742912210058,67.454465739429,109.308579196222,328.07999082841,35.053805843927,87.9837732785381,300,400
"79",32.5928459060378,127.338627334684,58.9977886388078,201.636196011677,22.2328668925911,39.1385225392878,400,400
"80",26.0096176760271,-138.340947600082,36.1267027165741,279.288577744737,92.4751266604289,64.2740570101887,500,400
"81",69.9255983345211,107.429731180891,53.3181335753761,356.171109583229,93.5124959796667,28.8869979581796,600,400
"82",49.1109636845067,-109.670717651024,5.79220190178603,9.59407707676291,8.25913790613413,78.1555387051776,700,400
"83",7.193340518279,82.3906277492642,95.0594558380544,230.60032216832,57.6682634186,44.0499374270439,800,400
"84",21.3636511762161,-14.244407908991,91.1145616718568,114.80507995002,4.77099695708603,83.8862354680896,900,400
"85",29.9093128298409,-38.7973810918629,46.4006133470684,331.034501222894,23.8031891407445,57.4283477291465,1000,400
"86",63.3757308300119,-116.742199202999,41.9309965148568,302.359501775354,38.9130518538877,60.0537304370664,1100,400
"87",61.5167605981696,-20.2398702781647,68.5122567648068,325.573431383818,67.3272411804646,53.1508307810873,1200,400
"88",37.7045826986432,-133.476066887379,54.4125911733136,74.2004542518407,82.8977660974488,19.2650352534838,1300,400
"89",65.6852246029302,-14.8600753583014,27.4703671061434,273.060231423005,39.1619774280116,22.3449847684242,1400,400
"90",12.7939169236924,-63.3669731672853,54.7776991408318,267.271938370541,86.6505207959563,60.7248404435813,1500,400
"91",70.087955170311,57.4510960746557,76.9827467412688,10.4120250977576,99.5753060793504,26.0053946776316,1600,400
"92",46.7520042147953,101.526818741113,81.3136339490302,135.734881768003,4.31040825787932,5.41315844049677,1700,400
"93",38.4731676313095,-67.2327848896384,54.7222919622436,144.871627707034,33.9567266637459,4.71182779641822,1800,400
"94",33.4269647137262,-68.1536038778722,105.80358334817,0.53363093174994,76.4322054805234,65.5610790895298,1900,400
"95",45.7028535660356,-18.6495407018811,38.1253168988042,274.813440497965,35.7594036962837,19.3779893615283,2000,400
"96",43.4303277230356,-121.90703782253,30.356212828774,144.462838936597,52.8774463804439,81.1291952105239,2100,400
"97",16.987044311827,-1.93808779120445,6.530674865935,328.988363994285,2.97615325544029,10.6677248608321,2200,400
"98",24.4525004702155,108.552929516882,88.6421368992887,162.68607661128,54.3673216830939,40.6786527391523,2300,400
"99",70.8132164727431,-14.3737634178251,71.9588243938051,52.6703422889113,55.2147894864902,25.694002804812,2400,400
"100",56.2182794732507,-51.183196650818,46.8265046272427,90.7564968522638,36.3522104453295,60.1085138646886,2500,400
"101",47.1598120580893,-25.1452332362533,40.2596560562961,23.8219552114606,25.5015603499487,39.2346913414076,100,500
"102",17.5825890095439,83.769606044516,43.3357335394248,243.801340050995,68.3532821247354,36.1052766116336,200,500
"103",33.223593357252,-120.733431018889,17.4991515302099,248.134369589388,54.0590906515718,49.7927717096172,300,500
"104",32.7313210407738,34.9896354880184,99.4988322234713,79.7922350093722,95.8111954154447,58.0621179286391,400,500
"105",39.1765729640611,17.8320727497339,26.0762837715447,270.431121597067,92.5365703646094,13.7636662716977,500,500
"106",21.041335479822,-47.7365419920534,109.044535746798,217.06286768429,13.795436383225,58.7570025958121,600,500
"107",63.195943669416,47.0897965878248,46.9631297653541,281.77427941002,33.3133160602301,84.1448393720202,700,500
"108",68.5405253490899,-60.2462238445878,86.8179257283919,144.424515785649,75.831323931925,0.438949267845601,800,500
"109",21.7334349697921,138.958513848484,75.5712791508995,113.181667495519,75.0048311427236,12.3653209302574,900,500
"110",2.57438431726769,-106.599038066342,76.9172866642475,56.9155519455671,19.540800480172,9.43324576830491,1000,500
"111",28.4098005853593,123.212061654776,97.9654253879562,303.430800111964,36.7722679162398,84.1139480983838,1100,500
"112",32.3501201870386,94.1729928180575,47.1650022268295,315.719102751464,23.2133809709921,81.3667838391848,1200,500
"113",53.3479985897429,29.724229555577,72.155661941506,170.556127047166,60.9700967557728,2.98000185750425,1300,500
"114",54.8077503859531,111.728066336364,9.39552310621366,263.343000132591,32.8611830482259,44.1596924141049,1400,500
"115",52.5295813393313,17.801412679255,59.4311267579906,232.327098576352,29.7216838225722,82.0830450416543,1500,500
"116",0.815230904845521,102.391908243299,80.8836503047496,192.19258566387,95.5538786016405,23.9013777673244,1600,500
"117",64.2245752620511,-36.199563164264,88.7282004277222,284.90139439702,87.5485028373078,4.86573152476922,1700,500
"118",18.8246667792555,-121.684452882037,65.3895912249573,302.131524821743,47.7789931930602,44.8885662853718,1800,500
"119",12.7605285379104,-127.51648449339,102.158968623262,2.66863343305886,74.5954556390643,8.06841070996597,1900,500
"120",11.4227674843278,-92.7750899642706,33.5168302967213,204.783720597625,7.24443315993994,42.2722567152232,2000,500
"121",47.4540562892798,130.187490805984,47.5541641633026,88.1031381804496,34.5305769238621,39.1870380006731,2100,500
"122",56.7200191493612,90.9967013075948,53.3499983209185,311.842643525451,24.5658529922366,65.675930546131,2200,500
"123",3.17355603910983,125.090761156753,5.07757737534121,86.7803604528308,3.46345484722406,30.8480591629632,2300,500
"124",38.0748940980993,-42.8581328410655,37.2029102151282,131.0057203006,54.5364734949544,83.5574368131347,2400,500
"125",4.37469247262925,-12.872750479728,64.4214794877917,119.666262930259,65.8650579163805,41.3320470694453,2500,500
"126",33.2522624696139,28.1751441955566,9.96365089900792,49.3054626323283,71.2535354308784,74.4584943680093,100,600
"127",60.4038478340954,29.8326219990849,79.0763573395088,281.772796064615,83.4429281763732,76.3377305329777,200,600
"128",23.601048917044,-32.4919578619301,105.060984699521,352.812104048207,10.6928217457607,58.0055940616876,300,600
"129",15.1509322458878,-78.8591992668808,0.222643539309502,247.839729264379,67.9467272479087,53.1435637548566,400,600
"130",13.7868362304289,60.5524824839085,27.0652521541342,55.1753553561866,56.2517228070647,78.2502788747661,500,600
"131",38.1225803343114,-68.5119469556957,48.4053333825432,336.237546913326,13.5445039952174,76.9316354789771,600,600
"132",61.14068669267,-77.6220989972353,92.2455360903405,17.0120638143271,47.0293268561363,39.8312145425007,700,600
"133",18.3765494904947,-48.1170378997922,105.738891202491,197.775660138577,70.3825342236087,88.4375864686444,800,600
"134",37.3455011285841,-23.3590641058981,65.4419666831382,2.99981080926955,34.3466162215918,29.7526543680578,900,600
"135",16.1171250510961,-37.4371280614287,58.7291453871876,216.423320844769,1.31371733732522,2.44290526024997,1000,600
"136",20.4234129865654,-21.5920722857118,95.7389386184514,97.864833958447,64.8084266576916,73.2109267450869,1100,600
"137",67.6196388259996,-81.7575607914478,90.5267726443708,349.247478526086,53.1961681321263,6.20792360510677,1200,600
"138",15.9601045888849,93.8664973340929,50.3776050405577,247.202987764031,64.1651784302667,30.7830917648971,1300,600
"139",36.7501793545671,101.481247562915,54.0666772122495,30.6757958605886,87.296190392226,51.8481606943533,1400,600
"140",15.1698296482209,-109.16948528029,107.794256366324,5.10843520984054,71.1396672995761,1.6961837396957,1500,600
"141",3.18027965258807,119.28221732378,72.456979539711,199.114172793925,58.7200148729607,1.93593360017985,1600,600
"142",63.2488832459785,-55.763792404905,78.5656420956366,243.084095567465,66.0810671048239,42.1378990611993,1700,600
"143",46.3631450780667,-97.2934854775667,96.8881095061079,348.3794400841,25.4886676557362,51.0680062766187,1800,600
"144",49.878235522192,135.416116388515,107.303778433707,69.279624056071,66.1015418358147,77.9510056204163,1900,600
"145",70.7788733358029,134.9927614443,108.187401280738,331.488203499466,2.89699281565845,85.6304679438472,2000,600
"146",22.7361065160949,-57.0889265183359,47.495865332894,294.894497422501,91.0085062263533,27.257897334639,2100,600
"147",72.1149522636551,-132.169471457601,108.59336394351,257.6439139992,46.7180333565921,35.4281630250625,2200,600
"148",27.4804693646729,-14.2989563662559,92.9127192916349,144.824228379875,36.4728521788493,77.1786347427405,2300,600
"149",68.2855617196765,-125.554309217259,103.101138269994,285.203531412408,43.8665566733107,83.4725527348928,2400,600
"150",22.7256821352057,100.813586032018,71.2520674243569,140.91968357563,74.11803456489,44.0505845518783,2500,600
"151",16.864007525146,-93.0288875475526,7.25314415525645,137.950655557215,95.0655597960576,41.63996812189,100,700
"152",3.55433647055179,-117.931334553286,79.306326652877,255.309123136103,30.1919263089076,39.1222393512726,200,700
"153",48.0389239615761,-16.4870642870665,84.5789416600019,40.3323570080101,77.6107355486602,0.281049802433699,300,700
"154",61.9188229611609,0.00199945643544197,52.1768149035051,335.624919729307,35.1446876302361,10.770781240426,400,700
"155",59.2724431946408,-85.045718010515,82.8466326673515,197.680064700544,55.9600117150694,37.1840736293234,500,700
"156",48.4037681948394,-29.6100848447531,30.2848104783334,214.663502974436,71.6453738510609,88.5981004592031,600,700
"157",16.210223705275,-31.7115956358612,25.3841026686132,69.6061975881457,89.8074679775164,26.4404781069607,700,700
"158",31.7908016033471,132.334399167448,87.7906192373484,316.000022236258,94.2562504671514,84.0192588698119,800,700
"159",58.1075150286779,17.1525397151709,80.4416720359586,280.632810629904,31.0441350564361,66.7313866876066,900,700
"160",69.7333688323852,-114.710872787982,88.3626724337228,206.655304105952,88.3640131913126,86.5910651022568,1000,700
"161",42.7962957532145,8.72170289978385,44.1563659626991,33.5537480469793,50.9394260821864,20.2219522115774,1100,700
"162",63.6107264086604,-78.4633063711226,8.94144333666191,65.1538689248264,4.77634423878044,5.76664967928082,1200,700
"163",21.0991460073274,-134.306089952588,4.76992157753557,98.7368603423238,79.2148379376158,80.1401587156579,1300,700
"164",44.9632655479945,-108.31249400042,90.0833168043755,286.880109608173,89.8426868952811,44.8876915918663,1400,700
"165",23.6739605432376,42.5100761093199,26.3171607372351,23.0766806378961,40.4912850121036,14.4809988280758,1500,700
"166",68.2523442897946,46.7563473619521,24.5537382573821,77.8622247744352,14.4819913199171,49.3284593895078,1600,700
"167",2.727065468207,-75.3949582576752,44.1193418065086,167.541614128277,38.8283248757944,76.2017417186871,1700,700
"168",47.2902457695454,28.0308554135263,107.754028381314,348.736780146137,72.7508992189541,38.3020815253258,1800,700
"169",52.4162718560547,13.0161695927382,19.3158081406727,14.5075576007366,13.5996677679941,25.2517453883775,1900,700
"170",1.43174572731368,90.8309389371425,30.4285926371813,165.724194981158,26.7117881216109,72.795134622138,2000,700
"171",26.0465829342138,-33.6869265791029,108.943294843193,173.505393136293,77.0710493670776,0.521400813013315,2100,700
"172",4.0358193567954,-4.74018529988825,94.0807253448293,243.655165527016,6.77738771773875,28.0089529487304,2200,700
"173",69.4354442122858,18.7854453269392,13.6644210387021,118.510732669383,5.9950883500278,9.29408834315836,2300,700
"174",66.9332396937534,-76.0238506086171,64.4801058876328,92.7728792466223,92.1622644178569,45.7094531483017,2400,700
"175",26.5788495540619,-15.8132569212466,53.6219810904004,289.927641525865,35.4469925630838,44.1430054279044,2500,700
"176",37.3647327942308,112.278669830412,72.5395592558198,315.867081061006,76.5919171040878,30.8180153206922,100,800
"177",43.9546720124781,-111.695120092481,42.2734576021321,191.904215337709,12.30663578026,72.4008448887616,200,800
"178",30.9452537563629,96.2086839415133,39.5836102962494,117.13922297582,95.8596359938383,71.3705438445322,300,800
"179",26.1828380869702,102.619743859395,57.5677820271812,250.472111217678,20.6654583336785,71.867237824481,400,800
"180",66.8940454954281,58.8096176553518,78.9181674271822,338.528282996267,73.7978706834838,89.4779562531039,500,800
"181",59.2494769371115,-78.2468499243259,85.4383054678328,194.12930787541,89.8296261904761,20.0363167771138,600,800
"182",49.0329077350907,139.164682319388,32.2627189941704,114.700794490054,49.7925499686971,87.0775810210034,700,800
"183",59.3130324908998,133.939989674836,50.3485777275637,358.698344416916,19.1092102089897,0.978400991298258,800,800
"184",69.4224156439304,123.997490191832,1.52948898728937,39.2298400215805,71.3237948715687,82.8674820251763,900,800
"185",63.1372196541633,-26.8525061756372,12.4270275072195,353.910064799711,99.2148600984365,73.1198989204131,1000,800
"186",46.4622278523166,63.2865138538182,4.84975685598329,264.238908821717,51.5238458057866,21.8406417150982,1100,800
"187",15.4881629976444,28.5671957489103,52.5859056878835,83.9530448522419,69.6188648231328,15.8813636214472,1200,800
"188",25.6612765020691,-31.8406936340034,46.7300942330621,25.9253210574389,53.6176100140437,24.9679403705522,1300,800
"189",20.1682768645696,62.8004818502814,40.0475651188754,224.774692850187,76.1354125803337,30.8531662984751,1400,800
"190",52.1946375200059,-69.8556634970009,68.5167594742961,285.565133588389,11.0096645541489,9.27375273546204,1500,800
"191",58.1740177294705,-42.1621195785701,54.6114783990197,319.886114699766,63.1720405770466,78.4097316954285,1600,800
"192",50.8466826402582,135.029707448557,96.8500551837496,283.380554476753,7.17509046662599,36.2182236369699,1700,800
"193",50.6619445688557,-72.8496288973838,107.678419773001,155.455305296928,47.3738782573491,1.26556338043883,1800,800
"194",39.0743404801469,23.1906433776021,30.6029019365087,12.2024265211076,88.7714549200609,37.2373003698885,1900,800
"195",21.3604728807695,11.7733358312398,106.354193706065,132.461304841563,46.6542112873867,58.333789492026,2000,800
"196",18.6665581713896,21.8710907269269,56.9436816335656,275.215790206566,78.8357445271686,63.3533758996055,2100,800
"197",29.7748395649251,42.4125709570944,88.8488423032686,27.9317191801965,80.856042355299,36.5407141763717,2200,800
"198",73.3755210181698,-55.3226264566183,40.099970670417,340.262127611786,56.4743297873065,29.2850563419051,2300,800
"199",70.4023376572877,-63.7524546124041,43.0847501475364,55.7325476501137,58.9909944683313,37.493907851167,2400,800
"200",39.5002843171824,45.0363237969577,52.3952784622088,134.027109481394,78.1446915119886,32.9770743660629,2500,800
"201",47.8526660066564,53.2945138402283,99.1159059130587,185.0061541982,74.5086456183344,21.3487280183472,100,900
"202",52.7276291744784,95.7108545582741,90.0569660332985,236.165685681626,86.4087799331173,85.643032961525,200,900
"203",46.0893792333081,102.73731241934,102.021676052827,3.05849058553576,46.1188525194302,40.1824232423678,300,900
"204",62.2263070195913,-125.67811364308,68.8147619110532,131.293865321204,39.6125643746927,72.4364655883983,400,900
"205",41.1009573668707,95.4295403603464,65.1606278494,216.857650615275,33.5570935159922,88.8963602366857,500,900
"206",13.7322668975685,128.556660339236,98.4741616155952,139.519903482869,14.3119970569387,53.9347594650462,600,900
"207",24.4151078746654,59.1688979417086,35.3654412925243,195.896707596257,41.7877415660769,5.99023967050016,700,900
"208",20.5315660627093,-43.475114768371,12.4436596594751,157.778218416497,55.742286122404,51.4459728193469,800,900
"209",26.9651326700114,65.733976829797,41.2534418096766,85.2149107027799,63.0455939564854,4.78419825900346,900,900
"210",18.9808472176082,-81.6112428251654,57.6831918326207,150.298947645351,1.90244056284428,2.8076995164156,1000,900
"211",27.6116422726773,72.5522558111697,102.310592650902,139.979280894622,86.0231361119077,24.3608244555071,1100,900
"212",36.9680143136065,86.7862345371395,40.2793560922146,257.703844942153,2.36429232172668,62.8254658472724,1200,900
"213",42.4597715085838,35.5642057303339,15.8231845824048,18.71423070319,45.0462026055902,38.5820953245275,1300,900
"214",52.9940941371024,95.7233148161322,92.1329441759735,255.537794530392,84.4003541860729,3.13983184285462,1400,900
"215",55.9993634058628,-47.2325431089848,2.79757162556052,222.444769693539,14.7589393658563,7.95592387206852,1500,900
"216",47.5924354512244,30.0784496590495,61.596851805225,132.265049871057,23.0348516488448,37.6091873506084,1600,900
"217",56.708537042141,-3.01105354912579,104.842176923994,60.9393251314759,18.8080207677558,38.9156833360903,1700,900
"218",56.8445663549937,-69.6205903310329,56.6984866163693,299.605268323794,56.2428858829662,87.7283797692508,1800,900
"219",48.3032068354078,-17.4046765826643,70.2148715243675,47.3540534824133,92.129893717356,18.1745713809505,1900,900
"220",68.1738461949863,87.6080541592091,87.0098641281947,138.909483589232,75.1842732075602,45.5159059935249,2000,900
"221",41.1051336501259,-83.5725150536746,57.6907090516761,151.937871649861,45.1192762004212,39.3244755221531,2100,900
"222",6.29792230320163,-18.9988722093403,92.9203660273924,280.624576415867,97.6310002617538,70.6225271522999,2200,900
"223",14.4369116867892,100.909828403965,60.3449191595428,71.7008853983134,62.1240542503074,54.778831154108,2300,900
"224",49.979233002523,132.654360635206,71.8540245341137,287.870461726561,71.0466277785599,80.9546416788362,2400,900
"225",69.2758341087028,22.418026747182,71.2774354103021,24.5242781471461,23.0172474402934,12.3477229569107,2500,900
"226",23.5355930111837,-126.001386111602,49.1655295016244,208.504593512043,61.7364961188287,29.66522407718,100,1000
"227",20.2660135051701,-57.3750676400959,54.0273616323248,182.418325832114,67.1576574910432,50.8397361030802,200,1000
"228",39.4545670947991,20.6841913517565,29.7422766149975,165.389088587835,3.24278492480516,5.15327851753682,300,1000
"229",22.9235959821381,-107.96459809877,4.493074901402,202.253120513633,15.2492919703946,1.8531922926195,400,1000
"230",71.1018289905041,41.1978961527348,39.2828632937744,8.26569822616875,63.4513714583591,55.0422009453177,500,1000
"231",4.8581538896542,-133.475639941171,25.9532214677893,69.3469713069499,31.4187008189037,82.9136550170369,600,1000
"232",66.7348514136393,-23.9797992352396,75.7227569632232,183.56349689886,11.1434406600893,58.4485099394806,700,1000
"233",13.0957793793641,31.6094669606537,37.3247766471468,116.087248194963,72.2099711885676,6.10852422891185,800,1000
"234",42.6484577008523,109.057143079117,79.7640577587299,269.769524987787,86.244247877039,40.93513650354,900,1000
"235",62.6222482183948,85.9751604776829,48.2268742728047,33.0976571794599,25.244594970718,10.9244381217286,1000,1000
"236",20.761521148961,-83.3259991556406,76.7910739826038,108.01356671378,84.0820485493168,17.4966604239307,1100,1000
"237",18.1285665894393,48.9059739280492,69.434876407031,97.3277762532234,77.3146203253418,64.1063898825087,1200,1000
"238",30.6282893114258,-16.4996255934238,100.545567667577,61.3822844903916,18.9460991648957,29.1909473505802,1300,1000
"239",40.9312211733777,50.7022733334452,85.4681349801831,223.753575794399,72.7950445143506,7.10071514826268,1400,1000
"240",51.8819383811206,39.7299742512405,63.5935691581108,201.771302232519,20.8129733335227,51.0123391868547,1500,1000
"241",31.7940348526463,96.1245515476912,12.0002874406055,346.541169025004,31.9365481846035,32.2839163499884,1600,1000
"242",22.826957248617,-117.177466657013,90.7876783935353,111.80173558183,21.8383091967553,46.9930521002971,1700,1000
"243",50.8564508578274,-107.160965902731,13.3316928870045,165.670417277142,75.9604272432625,82.575929844752,1800,1000
"244",30.6757036945783,132.452319050208,78.4782609646209,88.0767834652215,93.9039558405057,79.8142397892661,1900,1000
"245",67.7550609223545,32.9204793833196,98.8757158699445,118.760699126869,43.0583916371688,9.84875963302329,2000,1000
"246",21.3514959847089,20.441916231066,57.7529830741696,191.647468926385,46.9161859946325,45.0397769291885,2100,1000
"247",42.1042901929468,-92.204478867352,65.0021617952734,305.722371954471,98.9032513694838,0.969077465124428,2200,1000
"248",8.57765804976225,-127.079083351418,39.8665062757209,177.030373094603,91.9296607840806,32.7021973952651,2300,1000
"249",53.2264423090965,69.7728166356683,62.5215395144187,119.675913183019,82.9477414488792,87.6291895844042,2400,1000
"250",26.698057592148,64.2590311449021,16.2181967194192,349.561254903674,54.2935535311699,21.8834821460769,2500,1000
"251",24.1743223043159,-48.5408832225949,34.2071431269869,227.735921256244,97.0019024563953,53.4513735794462,100,1100
"252",20.2625644917134,-131.313312426209,79.1554734250531,8.78365164622664,97.0075773773715,28.8495113002136,200,1100
"253",11.7685571371112,-0.705661633983254,21.8344494770281,279.105691406876,47.2657169215381,21.0301239788532,300,1100
"254",45.2919457107782,73.8495135121047,11.3053306285292,20.9913807269186,8.91179768368602,81.4422951056622,400,1100
"255",64.4783082883805,-45.6621764786541,15.1130693475716,248.804409708828,3.28361883293837,45.7776210922748,500,1100
"256",3.4850217984058,62.1696884837002,31.5908909146674,133.17762949504,38.9274407410994,89.7219609981403,600,1100
"257",73.6526466091163,16.2142917513847,41.463966765441,263.319771029055,47.9694055858999,59.6248348639347,700,1100
"258",28.7996669125278,37.2517139744014,63.3637671894394,293.802052214742,54.7245147638023,8.64941071020439,800,1100
"259",3.95724074332975,82.7535818982869,35.167201445438,120.810350468382,59.3885970301926,78.463469396811,900,1100
"260",68.3776460064109,8.57566395774484,53.0475041107275,125.850812802091,7.16728253755718,81.3871968537569,1000,1100
"261",71.178590337513,72.8296682983637,10.8334226813167,205.173487225547,60.1825786521658,29.9064493202604,1100,1100
"262",35.0800577492919,69.1179915890098,93.7281905370764,267.233714712784,82.932481658645,53.7305032135919,1200,1100
"263",0.399506161920726,-14.6433316729963,80.2095978264697,117.069309856743,60.0872746668756,17.0590169727802,1300,1100
"264",25.2660052443389,-21.6842568106949,33.0017474689521,253.183732749894,3.48338880576193,41.8627850920893,1400,1100
"265",25.2326973946765,-6.92947372794151,35.1287502236664,303.748309705406,65.1587834581733,8.20670025190338,1500,1100
"266",5.73314821813256,32.3920332826674,61.8272480601445,175.563833741471,96.1764163104817,24.6061633271165,1600,1100
"267",39.4604193395935,-135.148970428854,96.8007232272066,223.080071434379,74.1790702566504,34.067738649901,1700,1100
"268",33.4815092151985,90.2124326769263,18.4252140577883,119.028099607676,90.0198145769536,36.3994846609421,1800,1100
"269",32.5762232823763,-122.178056221455,103.02608975675,208.343785526231,42.2533061122522,88.4829333191738,1900,1100
"270",56.4334888535086,121.537489639595,14.8320064763539,95.3612968605012,29.2521718656644,74.509195536375,2000,1100
"271",19.6360282483511,-129.250850751996,38.4201483661309,238.349517378956,72.008564718999,11.6317962133326,2100,1100
"272",40.1577346783597,64.8382587451488,38.0055264220573,301.132867829874,10.9298210823908,57.8873156639747,2200,1100
"273",34.1226988413837,64.6052197832614,12.0887270895764,225.737787438557,40.0814252905548,52.5168211315759,2300,1100
"274",9.5554081548471,84.748116619885,40.2517065173015,107.661484116688,98.422218230553,13.3817885024473,2400,1100
"275",17.3642102221493,98.7258373294026,21.0443543363363,135.284372409806,84.5068966271356,0.46960825799033,2500,1100
"276",1.58887029974721,67.1715299412608,71.4461126411334,200.387223456055,18.0646162480116,21.9272445444949,100,1200
"277",19.9159978539683,-47.3790748417377,26.2941383686848,183.3048838377,90.4985099332407,37.9480406851508,200,1200
"278",22.8415299905464,-113.460908522829,43.2089471118525,334.790025344118,23.3030770439655,87.2508066496812,300,1200
"279",42.3659898340702,44.2180653847754,69.0475292410702,27.3705617431551,25.6633201614022,17.6711991615593,400,1200
"280",20.6411782186478,56.3057994749397,18.5070420545526,323.52013441734,36.1546306638047,32.8465232276358,500,1200
"281",24.5472602080554,-30.6501260679215,106.162353423424,79.5890517253429,52.599608968012,55.9277944662608,600,1200
"282",16.1880118539557,-58.1715250667185,80.6408676481806,236.487841783091,44.5502605522051,37.9349280358292,700,1200
"283",25.4166110011283,128.627809369937,65.9078067075461,247.045682324097,34.0798470890149,0.329988256562501,800,1200
"284",24.0564800449647,22.9402352869511,39.357377528213,320.834040725604,21.8068820890039,87.6402261829935,900,1200
"285",55.7793749612756,-78.1206372845918,1.83736908948049,176.416714601219,86.9193384889513,40.0211399816908,1000,1200
"286",53.6031598749105,124.800217710435,33.2184596965089,296.475636838004,90.6532467575744,42.8466972894967,1100,1200
"287",22.1534387790598,78.6891427263618,14.3047318165191,88.8187430799007,20.3131950460374,21.5876523242332,1200,1200
"288",2.98460318008438,-69.3397430423647,68.9198169368319,88.0538569483906,56.1953542521223,1.17377118906006,1300,1200
"289",49.1489256557543,135.428720265627,49.4829830829985,35.4524424858391,34.6582329133525,56.6957578668371,1400,1200
"290",58.1857644603588,-101.287852339447,62.2850264701992,213.072981191799,64.9960102513433,40.8355672471225,1500,1200
"291",34.4704629213084,-59.2330812104046,106.855538184755,138.097603227943,22.610784182325,85.6288464018144,1600,1200
"292",56.8245278613176,83.0204040464014,86.2682959786616,148.395128594711,12.5187868950889,35.2107075811364,1700,1200
"293",62.9416288691573,-85.4203493241221,65.4743827390485,224.247708683833,2.18996328767389,76.7875590920448,1800,1200
"294",25.4479730443563,-133.602967895567,8.65197563311085,162.750105885789,63.542244117707,20.2290357579477,1900,1200
"295",57.181245367974,124.540452007204,8.74751206487417,243.89913758263,58.0637013772503,5.18319830764085,2000,1200
"296",21.6522325936239,109.206121684983,19.7158630541526,179.099833387882,49.9179214937612,65.9829179593362,2100,1200
"297",69.8867244296707,136.7170129437,70.8236207696609,144.989278363064,64.6695225965232,55.0393971358426,2200,1200
"298",30.1439820905216,13.7471177987754,62.7663265680894,174.838673640043,13.7027472257614,81.0096630058251,2300,1200
"299",74.0473331068642,-90.8734450209886,9.22427825862542,190.563678536564,7.40818213671446,57.031239119824,2400,1200
"300",4.5185185095761,-25.4444193281233,107.242058769334,279.818736473098,29.8341650748625,82.1669528796338,2500,1200
"301",33.4623691742308,-103.139803260565,106.578165963292,326.764739546925,93.4241704642773,89.4494209438562,100,1300
"302",44.1621724690776,-18.072628416121,87.5203990680166,227.724632173777,97.4883332150057,40.8530247188173,200,1300
"303",73.579501057975,-122.936144750565,40.1470811734907,184.156781835482,49.9832378001884,86.4579132059589,300,1300
"304",46.4488722849637,92.4638715386391,89.7792067471892,265.288555109873,14.5289060426876,25.774690147955,400,1300
"305",22.4660476029385,122.738660909235,75.8992966543883,278.354104757309,51.5003391075879,10.4189556324854,500,1300
"306",52.0645441138186,-4.4893813598901,59.1371292225085,99.665402546525,26.2706123525277,7.70975043531507,600,1300
"307",62.3944385326467,80.6885354034603,61.9031477160752,61.6067479178309,95.538686378859,32.1973697422072,700,1300
"308",67.6736143883318,91.8195722252131,9.24852851312608,239.07729556784,85.5680549051613,74.2739774356596,800,1300
"309",26.6499288612977,-130.639774501324,72.9074686975218,231.280878642574,29.9815057776868,25.4268555203453,900,1300
"310",70.7089217787143,-32.2562749497592,81.1487894342281,206.003661341965,70.9299362730235,63.1536955176853,1000,1300
"311",57.2007067501545,32.0554437302053,19.7744796448387,212.106039561331,79.4448711443692,15.4198538116179,1100,1300
"312",43.0198051559273,-133.760139122605,20.1194156869315,46.8094554170966,94.8042984586209,35.7424056879245,1200,1300
"313",12.0637503394391,113.20857568644,98.5809542192146,93.3276645932347,92.2555084107444,17.9316137451679,1300,1300
"314",66.7940398911014,51.1958929058164,7.33794640051201,252.355738431215,82.1437237085775,83.9440074004233,1400,1300
"315",50.6852357124444,-73.7648621201515,46.3703716965392,269.916747249663,2.48466229531914,34.1116466419771,1500,1300
"316",20.2464084257372,63.8190371636301,67.1850997582078,250.957646789029,74.4180069072172,44.9810533574782,1600,1300
"317",39.1044075891841,131.59280475229,108.443189314567,161.877074092627,53.3538128016517,36.3950941152871,1700,1300
"318",37.9999736789614,-37.3953673895448,31.8418016214855,160.492372205481,53.9822476683185,3.87528012273833,1800,1300
"319",6.03322834940627,-12.3566851019859,106.066076464485,51.5340949315578,90.7479215413332,61.958511415869,1900,1300
"320",3.12844688887708,124.481432838365,26.1622460582294,132.460999740288,70.526735112071,5.09289775975049,2000,1300
"321",14.1723022330552,-11.4482825621963,25.5061884876341,120.803007083014,28.5724527202547,4.03652099194005,2100,1300
"322",70.2369241334964,137.47254553251,31.2297351402231,288.762996029109,76.9168630009517,41.8566638510674,2200,1300
"323",19.0988047106657,32.4389832187444,78.0131990648806,142.03650017269,89.7218867205083,13.9175128354691,2300,1300
"324",33.1331426335964,65.0669074431062,106.904689529911,200.405628103763,5.97292922902852,15.5122889368795,2400,1300
"325",15.433530556038,96.8880408257246,10.3247960447334,267.986402409151,59.8614295944571,76.7795794573613,2500,1300
"326",22.4906227842439,62.7684471290559,107.599086246919,160.765231987461,80.4646247299388,82.6487062429078,100,1400
"327",18.8614591606893,-43.6865406297147,6.80889426032081,102.493582656607,16.2113643018529,52.0377486990765,200,1400
"328",41.1924003856257,64.7936277091503,83.0133190751076,226.659610038623,75.6954681826755,77.4640999641269,300,1400
"329",41.0102397319861,99.2828444950283,11.107812919654,150.528980931267,45.4262206563726,44.999109338969,400,1400
"330",62.3754036845639,-111.766755525023,21.4757969323546,154.904752308503,37.9181219032034,27.8881304548122,500,1400
"331",50.5086909164675,-24.2856779322028,97.2325714817271,60.9407897014171,25.7983124814928,0.766140944324434,600,1400
"332",63.0666292039678,137.030770555139,81.0986752808094,112.745734686032,14.9980047252029,49.5331745082512,700,1400
"333",53.5515051567927,-39.2238776665181,2.1278497739695,4.84448656439781,74.575297604315,51.1930896062404,800,1400
"334",7.65448394813575,25.8278317563236,98.4892804687843,132.931517288089,44.7900226572528,22.6255507045425,900,1400
"335",1.95653689443134,46.6417229641229,72.6901651802473,87.954264851287,45.0117421802133,78.7616349197924,1000,1400
"336",12.6161747728474,-13.9070008415729,109.927674103528,291.528711095452,11.2470743246377,79.5566811715253,1100,1400
"337",70.0577711337246,-28.1190284434706,74.4222386507317,143.008126700297,95.6471411045641,71.1942828563042,1200,1400
"338",3.02369545097463,-82.8307116311044,29.3611996760592,62.0009368378669,6.07371139340103,65.261496542953,1300,1400
"339",28.5374140483327,37.8535901941359,14.8891829908825,292.420741980895,11.8446505861357,79.2173246922903,1400,1400
"340",20.6011019647121,-21.4912094548345,106.598557326943,359.404336865991,72.7117302129045,58.8840697752312,1500,1400
"341",10.7657442160416,42.1001167409122,56.1341010802425,18.4772499930114,69.1212204052135,66.5538328955881,1600,1400
"342",49.2202050983906,47.6169807557017,10.1861590566114,104.20776986517,6.07334615197033,69.2215736350045,1700,1400
"343",28.72510139714,-82.485670838505,29.8494320292957,50.0883589591831,18.5342247830704,53.36781734135,1800,1400
"344",62.345489684958,68.2968924101442,8.58322726096958,21.4902615454048,82.1653646184132,17.290684080217,1900,1400
"345",27.4186009482946,-3.15006649121642,98.0584001448005,185.054302364588,25.0830016797408,62.4545494490303,2000,1400
"346",37.1510859928094,-130.043557062745,43.9059454831295,317.082276055589,52.9568077763543,18.2874793256633,2100,1400
"347",6.06377196963876,-1.13852106966078,109.248740507755,149.289740854874,58.788973861374,37.7430956298485,2200,1400
"348",1.74871701747179,9.40921296365559,104.876149741467,58.8085663039237,6.12274704035372,55.1994776562788,2300,1400
"349",10.9639328846242,69.5993138197809,12.867368850857,255.730269765481,0.980728934518993,28.4063389152288,2400,1400
"350",61.1052982101683,-74.4591276999563,79.3384974030778,103.104149820283,51.6049569472671,64.5096945413388,2500,1400
"351",69.3749393743929,20.8467381633818,32.4790974287316,351.362523632124,33.2328405929729,75.8912854548544,100,1500
"352",69.973070290871,122.601128295064,103.564370493405,79.6958566177636,65.0290193269029,54.567296707537,200,1500
"353",4.41500780289061,-56.1091781966388,84.2210135585628,357.205164860934,81.3293819315732,31.1985424091108,300,1500
"354",29.4152016285807,-138.637033849955,8.72060173656791,220.731923505664,1.90965824294835,73.1187235470861,400,1500
"355",11.5114619547967,125.279865600169,20.2854246739298,138.65282275714,81.7364304093644,5.1193338423036,500,1500
"356",4.45182606345043,-102.832292011008,75.1118682720698,296.272796541452,67.4399347743019,26.2876069243066,600,1500
"357",68.7342948687728,-39.3915499839932,75.5796416988596,212.260283762589,71.3225802173838,4.92664359044284,700,1500
"358",47.2097856109031,118.711481969804,38.7738357624039,323.915411308408,3.71005970519036,52.473473448772,800,1500
"359",21.3870932289865,-67.4532491154969,17.9906811425462,4.46094961836934,60.3631803300232,80.3998786071315,900,1500
"360",40.984927205136,-101.485914113,24.9632612336427,290.990879070014,25.628786184825,84.169567830395,1000,1500
"361",51.0645190137438,53.5414673760533,40.7972859567963,89.1468095965683,94.4918121444061,4.29690164979547,1100,1500
"362",56.615069025429,112.539859339595,73.0807442450896,200.944364788011,78.5763140767813,3.47591168945655,1200,1500
"363",51.8997374398168,99.9196864292026,81.4307543891482,312.085114717484,33.4686374291778,47.2691363585182,1300,1500
"364",35.5156516015995,-74.3666174076498,2.2652098047547,70.3168564941734,89.1713536577299,19.6218230738305,1400,1500
"365",25.961519399425,93.1048344261944,81.1494455719367,193.83570112288,5.16007214318961,62.8021023608744,1500,1500
"366",20.6975341192447,70.8843263983727,51.1746855033562,279.701319923624,64.080539625138,0.645158272236586,1600,1500
"367",67.6199466339312,28.089589625597,86.700847572647,350.896612191573,18.9116321969777,87.0021003065631,1700,1500
"368",57.5956419459544,-133.189788796008,103.42245058855,280.924693224952,53.5882174503058,79.4761913688853,1800,1500
"369",52.8517463011667,44.1074080206454,62.2575181419961,317.186667630449,69.8706720490009,61.1759247165173,1900,1500
"370",14.7619717055932,-16.4190852455795,103.197807774413,359.604719420895,40.1343827834353,20.8652498479933,2000,1500
"371",24.8718467890285,19.9926122277975,23.4668545564637,257.766042938456,64.2884107073769,38.7943734345026,2100,1500
"372",54.8998418846168,-95.2640049252659,1.05010917875916,130.736257787794,16.5507850470021,74.5027744327672,2200,1500
"373",25.4313133831602,-128.37616359815,22.9002758930437,218.998820353299,94.1892526112497,3.01478616893291,2300,1500
"374",1.28814086783677,-27.454675110057,43.8521730783395,266.46355971694,66.9853480299935,13.5588779579848,2400,1500
"375",17.2319915320259,-18.0911872442812,59.4639243208803,52.2561720013618,92.3013050341979,46.7418329673819,2500,1500
"376",41.6613777342718,89.9158243648708,69.6770534315147,83.8507486693561,71.7992211692035,17.1931600919925,100,1600
"377",27.6804063585587,33.9121857192367,66.0972979664803,179.864310650155,56.4326209947467,89.3664937675931,200,1600
"378",57.0205658732448,-75.4853125661612,43.6758107459173,316.859698724002,31.2987994635478,69.086024723947,300,1600
"379",6.1437408439815,52.7269379142672,43.5626395791769,315.123208696023,19.9885267531499,47.1100096148439,400,1600
"380",3.38848507963121,132.363863997161,18.4805374615826,226.549033289775,80.0220423843712,15.3671471052803,500,1600
"381",48.1774815183599,136.939282156527,107.950334416237,55.7883111108094,32.5302665820345,35.1444292953238,600,1600
"382",63.552103866823,138.836740106344,35.3323648730293,348.263594470918,49.6293998789042,83.0130577879027,700,1600
"383",46.5384346665815,39.1778455767781,89.7694816743024,183.215872300789,25.8661546744406,5.2092989673838,800,1600
"384",71.4271303557325,-97.8964955266565,47.1971571748145,99.020565720275,77.549783885479,37.3557960055768,900,1600
"385",7.21114547923207,98.2701863069087,77.4632689449936,277.313416209072,30.7864156318828,1.77242622245103,1000,1600
"386",57.2048769216053,-92.1402918826789,68.6901142122224,30.6109766755253,50.1930526690558,17.2769918851554,1100,1600
"387",42.8409520012792,-26.0240431688726,20.8610057341866,184.555726479739,24.9029990751296,44.7051588864997,1200,1600
"388",8.60701260971837,126.130034672096,27.4376809527166,133.127386188135,36.1550828907639,11.1619762494229,1300,1600
"389",41.5223893825896,-51.7672101035714,56.561775833834,25.6995810661465,59.3703575665131,22.5312957633287,1400,1600
"390",67.3253032495268,-85.1785367447883,54.6635471098125,327.032320071012,26.798600377515,19.1615770244971,1500,1600
"391",23.6045402416494,-71.3673905748874,55.4450571397319,194.510016012937,89.257171144709,38.3393295714632,1600,1600
"392",10.151520150248,-90.0812650751323,107.23017729586,191.074787965044,6.64512154180557,42.4488398409449,1700,1600
"393",5.96854492323473,-94.4731436949223,109.400919482578,89.4821069296449,76.2866518693045,33.5472480067983,1800,1600
"394",28.9343495329376,26.1473233159631,20.1876242994331,26.8953305482864,98.2219683006406,61.1133814696223,1900,1600
"395",47.9000543884467,45.8161530736834,107.015053408686,91.5438509266824,29.3110692640767,45.3166073234752,2000,1600
"396",33.8784641004167,-6.48861327208579,6.70124577591196,128.08685512282,2.83780037425458,43.0170969176106,2100,1600
"397",67.4419279326685,-38.9841906260699,34.6457487880252,168.869772953913,33.9236360741779,38.310963367112,2200,1600
"398",41.8053823581431,-130.753735955805,97.087853688281,226.059142816812,3.56033251155168,20.0289400108159,2300,1600
"399",59.4769216608256,-22.0196835882962,90.6746922433376,300.992143889889,19.2516655893996,48.2891131192446,2400,1600
"400",71.5091733844019,133.164524910972,89.0899386559613,139.236246971413,92.4053787020966,59.8915529320948,2500,1600
"401",11.9657940929756,93.1212386395782,54.1316550783813,106.99641446583,93.0274925893173,59.8440411617048,100,1700
"402",38.3472793386318,36.7160987760872,105.010689371265,133.520785449073,26.0296328691766,41.9461507676169,200,1700
"403",53.5996135789901,12.6927741710097,19.2210784927011,110.209606401622,8.28113020397723,21.4209809456952,300,1700
"404",55.1552786200773,116.782353790477,101.248820694163,249.718218119815,10.7500038575381,20.1945756585337,400,1700
"405",39.8705662228167,-51.5759224258363,24.7519518784247,33.4845857787877,25.5507775116712,29.6769799478352,500,1700
"406",4.56018128315918,16.8661152664572,3.9093460701406,236.268043639138,8.40772278606892,38.0832162033767,600,1700
"407",71.8534450570587,80.1310139987618,30.1054123789072,350.155480541289,89.2446609446779,73.5393851366825,700,1700
"408",30.5574552447069,-75.7972184475511,12.5398790440522,74.7493367269635,45.2440688852221,59.3377625383437,800,1700
"409",58.6664444999769,-74.8840000014752,22.070526718162,218.773503480479,81.5718461759388,36.6022326098755,900,1700
"410",45.8374918845948,50.5288805626333,46.1778901307844,241.329558379948,90.3214294463396,63.6095063877292,1000,1700
"411",20.0965063471813,-130.919106453657,73.3066957234405,283.903236044571,93.9501725602895,65.5036650435068,1100,1700
"412",28.4985021629836,-39.9608138762414,56.6037896997295,131.799040362239,40.8800144214183,71.1698876833543,1200,1700
"413",38.8991692161653,-43.5317351762205,13.6797990789637,333.351024482399,98.9572013262659,40.6632841005921,1300,1700
"414",73.6228449095506,33.8092847727239,38.7108539184555,285.921314349398,66.9026845833287,80.1881964085624,1400,1700
"415",18.7309258617461,-34.3159017898142,46.837529912591,253.958198809996,4.17706156149507,24.5058175711893,1500,1700
"416",39.7762328968383,-8.86061648838222,86.3090874650516,35.0397856347263,97.5065081147477,38.2040027179755,1600,1700
"417",31.4412174979225,137.845314946026,70.1909036096185,85.1092310808599,22.0117407618091,80.1398924016394,1700,1700
"418",42.7122284600046,34.1308532375842,86.5078806458041,312.277311338112,65.7783223548904,78.3459225506522,1800,1700
"419",19.3845733709168,16.2038306239992,34.8768903850578,357.185178212821,68.6819865368307,85.0473531475291,1900,1700
"420",16.189986577956,-28.4025749657303,27.0297998958267,88.3133552223444,66.8817658675835,50.087293095421,2000,1700
"421",66.3378618308343,108.867998085916,95.6203520298004,158.025178201497,33.8040630565956,56.9199098646641,2100,1700
"422",53.06936884881,40.1431940309703,4.12925403332338,246.651121163741,64.1980349319056,20.0608312664554,2200,1700
"423",6.86858006520197,8.07099085301161,41.8926191562787,323.481286726892,66.7220745235682,74.7087411163375,2300,1700
"424",31.6295784024987,55.8037181664258,107.462034679484,225.163528751582,99.1578709101304,10.6025361595675,2400,1700
"425",39.5522253471427,78.6874443292618,54.5933233690448,0.318062547594309,19.6905211312696,39.9605582468212,2500,1700
"426",7.67617268138565,-98.4219419211149,15.9729578555562,349.909043870866,16.288433293812,0.827596283052117,100,1800
"427",2.33907497604378,80.4444286320359,14.5230474695563,282.93552855961,55.6158756371588,52.7573953941464,200,1800
"428",72.1790500916541,-71.3645078893751,107.212871257216,285.338508971035,5.1767225144431,40.847898053471,300,1800
"429",53.4366045962088,119.923238037154,44.4086087169126,100.160962371156,33.4417380858213,1.63788772886619,400,1800
"430",56.7823685822077,-5.84480577148497,16.0825402033515,344.629091536626,94.1940289456397,38.6473048548214,500,1800
"431",20.1494728156831,-62.2159646544605,103.033968557138,223.439838811755,17.6234612707049,0.204699968453497,600,1800
"432",55.5215897387825,73.8265310414135,26.7389609338716,321.886997446418,65.336871962063,34.5310925622471,700,1800
"433",37.0014915126376,137.254214799032,4.5571903558448,262.917487202212,77.079082489945,22.6564522460103,800,1800
"434",48.696686461335,66.1241229996085,1.65976498974487,31.657029222697,77.8099535265937,10.1181390183046,900,1800
"435",15.7062271493487,-62.9868821706623,18.2672794396058,333.745218096301,44.09661043901,59.1960393078625,1000,1800
"436",25.5917471484281,-18.3048390410841,42.0100274425931,218.137087784708,13.9094081474468,16.7319779307581,1100,1800
"437",42.2016686119605,77.0627380535007,66.8766944180243,60.0345330499113,98.3831097837538,30.455710971728,1200,1800
"438",43.2510844781063,-70.7723994087428,37.6073344540782,311.185043156147,69.8425950948149,83.5262871044688,1300,1800
"439",5.66074015223421,-30.7846061699092,0.527947982773185,62.6627061143517,93.9545976230875,81.5836623357609,1400,1800
"440",24.461039743619,-55.0163882877678,81.8030475755222,20.7264245767146,44.5797277381644,42.03010763973,1500,1800
"441",71.862443885766,55.6963644362986,106.428549790289,112.710845433176,33.1635659793392,19.0535882511176,1600,1800
"442",71.6760488168802,-89.1514547262341,107.851365599781,116.280120480806,68.4270275058225,35.3651851974428,1700,1800
"443",17.4403965182137,-56.7067574430257,38.1908208224922,49.4859735388309,30.1459873560816,61.300501737278,1800,1800
"444",10.9812246984802,-41.1002778913826,75.3368103550747,196.369504854083,61.6812100168318,4.29043404757977,1900,1800
"445",64.1596685803961,96.4203298930079,22.6464850339107,188.289451533929,69.1513333469629,28.9836674951948,2000,1800
"446",74.586841481505,78.635421236977,93.7038656510413,353.103148872033,0.718684331513941,21.2093410338275,2100,1800
"447",52.5820200098678,-76.8510208465159,25.136727662757,108.849560720846,83.9594752993435,28.8853886746801,2200,1800
"448",59.3637693382334,73.4095046669245,15.5501743871719,215.956811271608,27.09664569702,54.7271642857231,2300,1800
"449",34.5982064958662,103.548434134573,10.6908307853155,174.31345009245,25.8031298639253,4.18405304895714,2400,1800
"450",71.6879461950157,118.20680052042,51.9317987561226,33.3109135832638,57.3085838230327,55.5263868626207,2500,1800
"451",39.0027240675408,-128.557211216539,40.7574368151836,252.704720562324,5.84622852038592,22.6161924982443,100,1900
"452",51.0461190249771,-118.401891794056,34.5674374117516,284.391232542694,31.5533906687051,40.5559813440777,200,1900
"453",17.1910982171539,55.6162246968597,80.4881259659305,5.45972479507327,6.14625660236925,26.4536792272702,300,1900
"454",28.9669705554843,87.2772606834769,47.1081379661337,218.709256276488,25.7407229626551,2.02315352624282,400,1900
"455",1.83002217672765,-5.56335212662816,86.5663138334639,266.723855277523,84.2323494842276,16.9889433821663,500,1900
"456",22.965881775599,55.6807072646916,76.3489324157126,105.693681305274,63.3387532783672,11.6204666043632,600,1900
"457",41.0376001324039,-37.2276308573782,71.97932214709,10.1367409341037,91.0998193081468,37.5104436487891,700,1900
"458",16.7770566651598,75.2332533430308,16.5331095759757,239.379074173048,77.6677733287215,86.7547749658115,800,1900
"459",21.9347220263444,-4.53152047470212,34.5543129416183,35.5274430848658,22.0227781916037,22.1106894104742,900,1900
"460",50.1859503099695,-7.05659397877753,104.68852752354,293.083077454939,21.3128990726545,28.4909552335739,1000,1900
"461",25.3065332130063,-83.4918697457761,15.028531155549,12.6613482926041,58.383766701445,10.2513330965303,1100,1900
"462",37.6635139924474,-28.806856777519,55.4146737814881,208.193590035662,44.3527765572071,58.1889299629256,1200,1900
"463",2.33213982428424,-41.2775000091642,42.0693147182465,250.792811131105,36.4617055980489,10.3290945268236,1300,1900
"464",61.4025237970054,54.5891072507948,43.6969117750414,5.89760069735348,92.0033754082397,39.3426241027191,1400,1900
"465",68.2219578302465,10.7016567140818,101.867313836701,230.172533886507,84.9495652597398,38.3055536448956,1500,1900
"466",36.9444486801513,-39.1057888697833,24.6976178162731,6.9159831572324,21.1088293930516,26.2497122981586,1600,1900
"467",57.7452564728446,112.737212469801,26.1977536883205,222.248951587826,19.2922291345894,46.1744912783615,1700,1900
"468",68.632035353221,75.5379699170589,59.2240243777633,141.880200309679,54.6223423210904,27.4589828797616,1800,1900
"469",34.065158123849,99.0259815566242,61.0517786769196,1.29730487242341,55.5159217212349,57.7275350689888,1900,1900
"470",22.2723697253969,-18.8624781183898,63.574930508621,10.7412490714341,93.7832769239321,63.670090616215,2000,1900
"471",65.7002692285459,117.725231666118,86.5377744939178,282.812172006816,32.6635535573587,75.508776193019,2100,1900
"472",10.811446752632,-36.7182197514921,89.6730323508382,76.2661009468138,38.5775863192976,78.0899030389264,2200,1900
"473",19.6966457879171,-81.3074828870595,69.923994068522,134.681301098317,21.7720004729927,78.0085785035044,2300,1900
"474",32.5173025543336,123.740123379976,12.8272241540253,122.316187201068,84.4249879010022,62.4231049278751,2400,1900
"475",15.7623702893034,-92.258716551587,48.5124498675577,346.818687384948,25.7109206402674,79.051253751386,2500,1900
"476",74.4217246945482,-10.126950154081,55.0786014762707,330.588979180902,24.8751812148839,13.9972648420371,100,2000
"477",4.90403122385032,-1.20384794659913,78.8132749823853,26.0242889542133,84.8014263436198,35.5077611189336,200,2000
"478",22.6405855617486,-126.651598457247,45.8392132516019,95.3563655354083,27.2976991953328,85.3389123058878,300,2000
"479",5.18099886830896,115.532781006768,70.1514278561808,12.6128457393497,23.3732951339334,87.412583080586,400,2000
"480",61.0605971713085,108.635394219309,63.7541097844951,28.014436243102,30.6323420256376,61.4758871728554,500,2000
"481",24.8057015938684,41.535755591467,31.5870149666443,231.216616937891,50.1411646837369,48.223418192938,600,2000
"482",24.3351056997199,90.7179920747876,107.998132994398,63.477201461792,23.3729404164478,71.4240293973126,700,2000
"483",53.1996509700548,46.541675105691,27.5635168654844,318.448221422732,51.5026493929327,40.101900708396,800,2000
"484",25.7046906568576,-48.2896035723388,38.5390660329722,313.280121479183,19.3983394419774,58.3225604239851,900,2000
"485",55.2068739838433,115.627351906151,12.9357878351584,128.213558904827,54.2885136557743,6.53408701065928,1000,2000
"486",23.4460330742877,-82.9176527820528,103.770659635775,39.5736535359174,75.5860711215064,60.4966484103352,1100,2000
"487",35.2372503199149,-23.0627391207963,19.1493168659508,217.17225831002,66.809333441779,75.4422081867233,1200,2000
"488",8.15404095919803,-103.824987122789,56.1553260684013,355.148304831237,5.58936255984008,42.8668236010708,1300,2000
"489",53.0163811636157,4.028684431687,33.7716528074816,66.8152319546789,32.7162506291643,80.8866273332387,1400,2000
"490",8.69400647934526,108.646283335984,82.8096389630809,195.528450775892,89.532835315913,84.7632487909868,1500,2000
"491",58.8564177509397,-22.8932596649975,31.469143780414,329.481514021754,56.9935743929818,38.6847475287504,1600,2000
"492",71.4932029601187,91.3780718389899,25.7922866567969,204.663393180817,66.9321673223749,52.7952989051118,1700,2000
"493",19.1907231754158,19.1948590334505,10.3495918726549,79.9861545301974,7.18026000540704,81.0695314616896,1800,2000
"494",15.1834291813429,60.6345225218683,80.5563705367967,187.495185490698,92.5220255739987,29.2713423958048,1900,2000
"495",8.29801303334534,-20.7296743243933,37.0072671305388,170.72472659871,69.3198140943423,78.6867498862557,2000,2000
"496",33.574407506967,76.4352125953883,84.7955336421728,46.2953247316182,67.3336529172957,79.2159345117398,2100,2000
"497",60.4450506856665,38.8316641096026,52.3772203968838,296.0224532336,82.5189050054178,59.2325735092163,2200,2000
"498",27.967426541727,-133.259604247287,62.1748811076395,206.873287316412,38.3519087685272,65.5205271276645,2300,2000
"499",27.0049067388754,108.210059050471,7.62588210869581,359.41992980428,61.5076357731596,24.1479588160291,2400,2000
"500",5.34794112900272,-85.6335975788534,104.073824300431,105.396373607218,42.3889905679971,54.7906783246435,2500,2000
